country,platform,month_latest,month_prev,seller_used_id,seller_name,final_revenue,final_revenue_prev,delta_final_revenue,growth_rate_revenue,final_quantity,final_quantity_prev,delta_final_quantity,growth_rate_quantity,abnormal_type,risk_level,computation_label_prev,computation_label_latest
PH,LAZ,2025-11,2025-10,PH.LAZ.100000105,,6528395.0,1281427.0,5246968.0,409.46%,12813.0,1602.0,11211.0,699.81%,source-switch,medium,S5,S4
PH,LAZ,2025-11,2025-10,PH.LAZ.100000393,,133147.6,12650.0,120497.6,952.55%,1360.0,110.0,1250.0,1136.36%,source-switch,medium,S3,S5
PH,LAZ,2025-11,2025-10,PH.LAZ.1000005700,,83723.6,24890.8,58832.8,236.36%,370.0,110.0,260.0,236.36%,source-switch,medium,S3,S5
PH,LAZ,2025-11,2025-10,PH.LAZ.1000008730,,113391.19,30906.0,82485.19,266.89%,399.0,192.0,207.0,107.81%,spike-out-trend,high,S5,S5
PH,LAZ,2025-11,2025-10,PH.LAZ.1000025509,,75879.91,1820.0,74059.91,4069.23%,463.0,28.0,435.0,1553.57%,source-switch,medium,S3,S5
PH,LAZ,2025-11,2025-10,PH.LAZ.1000069993,,61954.0,12512.0,49442.0,395.16%,64.0,17.0,47.0,276.47%,source-switch,medium,S3,S5
PH,LAZ,2025-11,2025-10,PH.LAZ.1000072070,,9459.0,2484.0,6975.0,280.8%,13.0,6.0,7.0,116.67%,source-switch,medium,S3,S5
PH,LAZ,2025-11,2025-10,PH.LAZ.1000073624,,394.0,66.0,328.0,496.97%,8.0,2.0,6.0,300.0%,base-effect,low,S5,S5
PH,LAZ,2025-11,2025-10,PH.LAZ.1000078315,,24275.46,7524.2,16751.26,222.63%,243.0,111.0,132.0,118.92%,source-switch,medium,S3,S5
PH,LAZ,2025-11,2025-10,PH.LAZ.1000093070,,435.0,60.0,375.0,625.0%,4.0,1.0,3.0,300.0%,base-effect,low,S5,S5
PH,LAZ,2025-11,2025-10,PH.LAZ.1000119529,,20170.0,5165.139999999999,15004.86,290.5%,221.0,64.0,157.0,245.31%,spike-out-trend,high,S5,S5
PH,LAZ,2025-11,2025-10,PH.LAZ.1000119565,,8600.0,2200.0,6400.0,290.91%,43.0,11.0,32.0,290.91%,source-switch,medium,S3,S5
PH,LAZ,2025-11,2025-10,PH.LAZ.100012296,,45559.0,4495.0,41064.0,913.55%,41.0,5.0,36.0,720.0%,source-switch,medium,S2,S5
PH,LAZ,2025-11,2025-10,PH.LAZ.1000127791,,1273.0,294.0,979.0,332.99%,47.0,6.0,41.0,683.33%,spike-out-trend,high,S5,S5
PH,LAZ,2025-11,2025-10,PH.LAZ.1000130322,,7637.79,110.0,7527.79,6843.45%,115.0,2.0,113.0,5650.0%,spike-out-trend,high,S5,S5
PH,LAZ,2025-11,2025-10,PH.LAZ.1000149304,,242424.0,55903.83,186520.16999999998,333.64%,1025.0,268.0,757.0,282.46%,spike-out-trend,high,S5,S5
PH,LAZ,2025-11,2025-10,PH.LAZ.1000156472,,5550.0,1110.0,4440.0,400.0%,10.0,2.0,8.0,400.0%,source-switch,medium,S2,S5
PH,LAZ,2025-11,2025-10,PH.LAZ.1000163522,,78498.0,16907.1,61590.9,364.29%,372.0,83.0,289.0,348.19%,source-switch,medium,S3,S5
PH,LAZ,2025-11,2025-10,PH.LAZ.1000164224,,532.0,60.0,472.0,786.67%,7.0,1.0,6.0,600.0%,base-effect,low,S5,S5
PH,LAZ,2025-11,2025-10,PH.LAZ.100022033,,220382.0,23987.0,196395.0,818.76%,978.0,83.0,895.0,1078.31%,source-switch,medium,S3,S5
PH,LAZ,2025-11,2025-10,PH.LAZ.1000255964,,14578.0,3716.0,10862.0,292.3%,230.0,152.0,78.0,51.32%,source-switch,medium,S3,S5
PH,LAZ,2025-11,2025-10,PH.LAZ.1000256920,,12787.0,4214.65,8572.35,203.39%,153.0,55.0,98.0,178.18%,source-switch,medium,S3,S5
PH,LAZ,2025-11,2025-10,PH.LAZ.1000267481,,1777.0,61.11,1715.89,2807.87%,53.0,7.0,46.0,657.14%,base-effect,low,S2,S5
PH,LAZ,2025-11,2025-10,PH.LAZ.1000271587,,15172.08,567.12,14604.96,2575.29%,60.0,3.0,57.0,1900.0%,source-switch,medium,S2,S5
PH,LAZ,2025-11,2025-10,PH.LAZ.1000272622,,12403.0,836.0,11567.0,1383.61%,157.0,11.0,146.0,1327.27%,source-switch,medium,S3,S5
PH,LAZ,2025-11,2025-10,PH.LAZ.1000275163,,6225.0,525.9300000000001,5699.07,1083.62%,22.0,3.0,19.0,633.33%,spike-out-trend,high,S5,S5
PH,LAZ,2025-11,2025-10,PH.LAZ.1000320305,,65715.0,21188.0,44527.0,210.15%,15.0,3.0,12.0,400.0%,spike-out-trend,high,S5,S5
PH,LAZ,2025-11,2025-10,PH.LAZ.1000324707,,350625.1,65251.8,285373.3,437.34%,2338.0,339.0,1999.0,589.68%,spike-out-trend,high,S5,S5
PH,LAZ,2025-11,2025-10,PH.LAZ.1000338906,,193.0,59.17,133.82999999999998,226.18%,3.0,1.0,2.0,200.0%,base-effect,low,S5,S5
PH,LAZ,2025-11,2025-10,PH.LAZ.100034387,,19986.489999999998,1100.6799999999998,18885.809999999998,1715.83%,151.0,45.0,106.0,235.56%,spike-out-trend,high,S5,S5
PH,LAZ,2025-11,2025-10,PH.LAZ.1000350212,,53990.9,579.7,53411.200000000004,9213.59%,750.0,8.0,742.0,9275.0%,source-switch,medium,S3,S5
PH,LAZ,2025-11,2025-10,PH.LAZ.1000351620,,37400.0,2520.0,34880.0,1384.13%,141.0,18.0,123.0,683.33%,spike-out-trend,high,S5,S5
PH,LAZ,2025-11,2025-10,PH.LAZ.1000357220,,38181.0,5669.509999999999,32511.49,573.44%,429.0,77.0,352.0,457.14%,source-switch,medium,S3,S5
PH,LAZ,2025-11,2025-10,PH.LAZ.1000368412,,3974377.0,1002946.0,2971431.0,296.27%,7120.0,1630.0,5490.0,336.81%,source-switch,medium,S3,S6
PH,LAZ,2025-11,2025-10,PH.LAZ.100037696,,840249.75,19301.04,820948.71,4253.39%,243.0,88.0,155.0,176.14%,source-switch,medium,S3,S5
PH,LAZ,2025-11,2025-10,PH.LAZ.100047415,,4509.0,395.0,4114.0,1041.52%,7.0,1.0,6.0,600.0%,spike-out-trend,high,S5,S5
PH,LAZ,2025-11,2025-10,PH.LAZ.1000474490,,7099.0,1030.5,6068.5,588.89%,31.0,6.0,25.0,416.67%,source-switch,medium,S3,S5
PH,LAZ,2025-11,2025-10,PH.LAZ.100048299,,371810.98,59148.17,312662.81,528.61%,3057.0,779.0,2278.0,292.43%,spike-out-trend,high,S5,S5
PH,LAZ,2025-11,2025-10,PH.LAZ.1000521008,,630879.6,161971.2,468908.39999999997,289.5%,459.0,61.0,398.0,652.46%,source-switch,medium,S3,S5
PH,LAZ,2025-11,2025-10,PH.LAZ.100071509,,4108051.74,295644.0,3812407.74,1289.53%,9366.0,457.0,8909.0,1949.45%,source-switch,medium,S6,S5
PH,LAZ,2025-11,2025-10,PH.LAZ.100107923,,32324.5,5800.6,26523.9,457.26%,35.0,4.0,31.0,775.0%,spike-out-trend,high,S5,S5
PH,LAZ,2025-11,2025-10,PH.LAZ.100117440,,884817.0,231840.0,652977.0,281.65%,1133.0,105.0,1028.0,979.05%,source-switch,medium,S3,S5
PH,LAZ,2025-11,2025-10,PH.LAZ.100127179,,427972.71,115866.96,312105.75,269.37%,4529.0,1361.0,3168.0,232.77%,source-switch,medium,S3,S5
PH,LAZ,2025-11,2025-10,PH.LAZ.100135121,,17546.0,2950.0,14596.0,494.78%,174.0,50.0,124.0,248.0%,source-switch,medium,S3,S5
PH,LAZ,2025-11,2025-10,PH.LAZ.100138628,,8886280.0,1560440.0,7325840.0,469.47%,3557.0,729.0,2828.0,387.93%,source-switch,medium,S3,S5
PH,LAZ,2025-11,2025-10,PH.LAZ.100138658,,3674.65,954.0,2720.65,285.18%,42.0,6.0,36.0,600.0%,source-switch,medium,S3,S5
PH,LAZ,2025-11,2025-10,PH.LAZ.100154960,,3009.0,649.0,2360.0,363.64%,51.0,11.0,40.0,363.64%,source-switch,medium,S3,S5
PH,LAZ,2025-11,2025-10,PH.LAZ.100157645,,4230.0,523.8,3706.2,707.56%,14.0,4.0,10.0,250.0%,spike-out-trend,high,S5,S5
PH,LAZ,2025-11,2025-10,PH.LAZ.13,,182071.0,46412.8,135658.2,292.29%,2693.0,1184.0,1509.0,127.45%,source-switch,medium,S3,S5
PH,LAZ,2025-11,2025-10,PH.LAZ.1466,,11794.210000000001,2066.1000000000004,9728.11,470.84%,33.0,6.0,27.0,450.0%,source-switch,medium,S3,S5
PH,LAZ,2025-11,2025-10,PH.LAZ.15922,,16820.83,774.04,16046.79,2073.12%,24.0,4.0,20.0,500.0%,spike-out-trend,high,S5,S5
PH,LAZ,2025-11,2025-10,PH.LAZ.1670,,58289.590000000004,6365.139999999999,51924.450000000004,815.76%,644.0,193.0,451.0,233.68%,source-switch,medium,S3,S5
PH,LAZ,2025-11,2025-10,PH.LAZ.19135,,240589.83,51026.85,189562.97999999998,371.5%,1897.0,479.0,1418.0,296.03%,spike-out-trend,high,S5,S5
PH,LAZ,2025-11,2025-10,PH.LAZ.24274,,263232.0,25135.0,238097.0,947.27%,576.0,55.0,521.0,947.27%,source-switch,medium,S3,S5
PH,LAZ,2025-11,2025-10,PH.LAZ.500157591428,,6265.55,681.1500000000001,5584.4,819.85%,85.0,3.0,82.0,2733.33%,spike-out-trend,high,S5,S5
PH,LAZ,2025-11,2025-10,PH.LAZ.500157771224,,86250.0,24200.0,62050.0,256.4%,157.0,44.0,113.0,256.82%,source-switch,medium,S3,S5
PH,LAZ,2025-11,2025-10,PH.LAZ.500158491718,,254467.0,71253.59999999999,183213.40000000002,257.13%,133.0,33.0,100.0,303.03%,source-switch,medium,S3,S5
PH,LAZ,2025-11,2025-10,PH.LAZ.500159841018,,948.0,175.0,773.0,441.71%,12.0,1.0,11.0,1100.0%,spike-out-trend,high,S5,S5
PH,LAZ,2025-11,2025-10,PH.LAZ.500160921120,,3913.0,1118.0,2795.0,250.0%,7.0,2.0,5.0,250.0%,source-switch,medium,S2,S5
PH,LAZ,2025-11,2025-10,PH.LAZ.500161128199,,23957.0,1210.0,22747.0,1879.92%,434.0,22.0,412.0,1872.73%,source-switch,medium,S3,S5
PH,LAZ,2025-11,2025-10,PH.LAZ.500161368374,,6768.0,2068.0,4700.0,227.27%,36.0,11.0,25.0,227.27%,source-switch,medium,S3,S5
PH,LAZ,2025-11,2025-10,PH.LAZ.500162223238,,130911.0,30676.8,100234.2,326.74%,316.0,154.0,162.0,105.19%,source-switch,medium,S3,S5
PH,LAZ,2025-11,2025-10,PH.LAZ.500163078139,,21869.42,4147.72,17721.699999999997,427.26%,317.0,127.0,190.0,149.61%,source-switch,medium,S3,S5
PH,LAZ,2025-11,2025-10,PH.LAZ.500163276004,,2740.0,780.0,1960.0,251.28%,10.0,2.0,8.0,400.0%,spike-out-trend,high,S5,S5
PH,LAZ,2025-11,2025-10,PH.LAZ.500163726071,,2520.0,300.0,2220.0,740.0%,21.0,2.0,19.0,950.0%,source-switch,medium,S2,S5
PH,LAZ,2025-11,2025-10,PH.LAZ.500163798235,,2499.0,90.0,2409.0,2676.67%,51.0,2.0,49.0,2450.0%,base-effect,low,S2,S5
PH,LAZ,2025-11,2025-10,PH.LAZ.500164425160,,41224.74,2972.4,38252.34,1286.92%,567.0,21.0,546.0,2600.0%,spike-out-trend,high,S5,S5
PH,LAZ,2025-11,2025-10,PH.LAZ.500165229270,,74432.0,18795.0,55637.0,296.02%,681.0,105.0,576.0,548.57%,source-switch,medium,S3,S5
PH,LAZ,2025-11,2025-10,PH.LAZ.500165430082,,21960.0,500.0,21460.0,4292.0%,226.0,5.0,221.0,4420.0%,spike-out-trend,high,S5,S5
PH,LAZ,2025-11,2025-10,PH.LAZ.500166672350,,4081.2,890.0,3191.2,358.56%,24.0,10.0,14.0,140.0%,source-switch,medium,S2,S5
PH,LAZ,2025-11,2025-10,PH.LAZ.500167200014,,116017.0,3306.0,112711.0,3409.29%,1859.0,57.0,1802.0,3161.4%,spike-out-trend,high,S5,S5
PH,LAZ,2025-11,2025-10,PH.LAZ.500167224174,,3677.0,185.0,3492.0,1887.57%,49.0,1.0,48.0,4800.0%,spike-out-trend,high,S5,S5
PH,LAZ,2025-11,2025-10,PH.LAZ.500168322018,,9511.0,96.0,9415.0,9807.29%,274.0,8.0,266.0,3325.0%,base-effect,low,S5,S5
PH,LAZ,2025-11,2025-10,PH.LAZ.500168886144,,44064.0,12375.0,31689.0,256.07%,204.0,165.0,39.0,23.64%,source-switch,medium,S3,S5
PH,LAZ,2025-11,2025-10,PH.LAZ.500169324068,,299527.0,61503.0,238024.0,387.01%,453.0,247.0,206.0,83.4%,spike-out-trend,high,S5,S5
PH,LAZ,2025-11,2025-10,PH.LAZ.500169450169,,11041.0,2354.19,8686.81,368.99%,109.0,23.0,86.0,373.91%,source-switch,medium,S2,S5
PH,LAZ,2025-11,2025-10,PH.LAZ.500170146167,,4895.0,80.0,4815.0,6018.75%,13.0,8.0,5.0,62.5%,base-effect,low,S5,S5
PH,LAZ,2025-11,2025-10,PH.LAZ.500170827620,,9702.0,576.1800000000001,9125.82,1583.85%,98.0,6.0,92.0,1533.33%,source-switch,medium,S3,S5
PH,LAZ,2025-11,2025-10,PH.LAZ.500170839745,,57310.0,7150.0,50160.0,701.54%,237.0,55.0,182.0,330.91%,source-switch,medium,S3,S5
PH,LAZ,2025-11,2025-10,PH.LAZ.500171445763,,15405.0,3250.0,12155.0,374.0%,89.0,19.0,70.0,368.42%,source-switch,medium,S3,S5
PH,LAZ,2025-11,2025-10,PH.LAZ.500171469683,,417185.0,103363.0,313822.0,303.61%,2365.0,677.0,1688.0,249.34%,source-switch,medium,S3,S5
PH,LAZ,2025-11,2025-10,PH.LAZ.500171595075,,565054.0,131510.0,433544.0,329.67%,1964.0,468.0,1496.0,319.66%,source-switch,medium,S3,S5
PH,LAZ,2025-11,2025-10,PH.LAZ.500172027008,,252.0,71.0,181.0,254.93%,2.0,1.0,1.0,100.0%,base-effect,low,S4,S5
PH,LAZ,2025-11,2025-10,PH.LAZ.500172285134,,8990.0,1798.0,7192.0,400.0%,10.0,2.0,8.0,400.0%,source-switch,medium,S2,S5
PH,LAZ,2025-11,2025-10,PH.LAZ.500172417149,,8769251.15,1011477.22,7757773.930000001,766.97%,38967.0,3670.0,35297.0,961.77%,source-switch,medium,S6,S5
PH,LAZ,2025-11,2025-10,PH.LAZ.500172525207,,468709.0,52085.490000000005,416623.51,799.88%,1963.0,237.0,1726.0,728.27%,source-switch,medium,S3,S5
PH,LAZ,2025-11,2025-10,PH.LAZ.500173680029,,26639.510000000002,7442.4,19197.11,257.94%,176.0,28.0,148.0,528.57%,spike-out-trend,high,S5,S5
PH,LAZ,2025-11,2025-10,PH.LAZ.500173767137,,16218.0,1434.0,14784.0,1030.96%,102.0,6.0,96.0,1600.0%,source-switch,medium,S3,S5
PH,LAZ,2025-11,2025-10,PH.LAZ.500173776149,,86130.0,25320.0,60810.0,240.17%,151.0,50.0,101.0,202.0%,spike-out-trend,high,S5,S5
PH,LAZ,2025-11,2025-10,PH.LAZ.500174016052,,17148.0,5665.0,11483.0,202.7%,164.0,55.0,109.0,198.18%,source-switch,medium,S3,S5
PH,LAZ,2025-11,2025-10,PH.LAZ.500174109038,,3840.0,868.0,2972.0,342.4%,49.0,8.0,41.0,512.5%,source-switch,medium,S2,S4
PH,LAZ,2025-11,2025-10,PH.LAZ.500174112028,,7057.0,948.0,6109.0,644.41%,130.0,44.0,86.0,195.45%,spike-out-trend,high,S5,S5
PH,LAZ,2025-11,2025-10,PH.LAZ.500174307087,,2187.0,108.0,2079.0,1925.0%,29.0,6.0,23.0,383.33%,source-switch,medium,S3,S5
PH,LAZ,2025-11,2025-10,PH.LAZ.500174583118,,7128.0,1632.51,5495.49,336.63%,72.0,17.0,55.0,323.53%,source-switch,medium,S3,S5
PH,LAZ,2025-11,2025-10,PH.LAZ.500174853036,,3408.0,611.22,2796.7799999999997,457.57%,49.0,6.0,43.0,716.67%,spike-out-trend,high,S5,S5
PH,LAZ,2025-11,2025-10,PH.LAZ.500174883103,,33657.0,9918.0,23739.0,239.35%,517.0,171.0,346.0,202.34%,source-switch,medium,S3,S5
PH,LAZ,2025-11,2025-10,PH.LAZ.500175627137,,16991.0,4819.0,12172.0,252.58%,90.0,36.0,54.0,150.0%,spike-out-trend,high,S5,S5
PH,LAZ,2025-11,2025-10,PH.LAZ.500175900053,,646.0,89.0,557.0,625.84%,2.0,1.0,1.0,100.0%,base-effect,low,S5,S5
PH,LAZ,2025-11,2025-10,PH.LAZ.500177367051,,6162.0,1162.06,4999.9400000000005,430.27%,43.0,2.0,41.0,2050.0%,spike-out-trend,high,S5,S5
PH,LAZ,2025-11,2025-10,PH.LAZ.500177433171,,2264.0,640.0,1624.0,253.75%,71.0,20.0,51.0,255.0%,source-switch,medium,S3,S5
PH,LAZ,2025-11,2025-10,PH.LAZ.500178681287,,18170.0,2094.18,16075.82,767.64%,46.0,6.0,40.0,666.67%,source-switch,medium,S3,S5
PH,LAZ,2025-11,2025-10,PH.LAZ.500179635023,,8652.16,532.64,8119.5199999999995,1524.39%,61.0,8.0,53.0,662.5%,spike-out-trend,high,S5,S5
PH,LAZ,2025-11,2025-10,PH.LAZ.500179761250,,1958.0,72.0,1886.0,2619.44%,12.0,1.0,11.0,1100.0%,base-effect,low,S5,S5
PH,LAZ,2025-11,2025-10,PH.LAZ.500180631578,,43586.0,10013.0,33573.0,335.29%,74.0,17.0,57.0,335.29%,source-switch,medium,S3,S5
PH,LAZ,2025-11,2025-10,PH.LAZ.500180664562,,5500.0,399.0,5101.0,1278.45%,23.0,1.0,22.0,2200.0%,spike-out-trend,high,S5,S5
PH,LAZ,2025-11,2025-10,PH.LAZ.500180694048,,2576.0,693.55,1882.45,271.42%,14.0,11.0,3.0,27.27%,source-switch,medium,S3,S5
PH,LAZ,2025-11,2025-10,PH.LAZ.500180712134,,6070.0,1393.0,4677.0,335.75%,30.0,7.0,23.0,328.57%,source-switch,medium,S2,S5
PH,LAZ,2025-11,2025-10,PH.LAZ.500181963014,,28167.0,2629.0,25538.0,971.4%,123.0,11.0,112.0,1018.18%,source-switch,medium,S3,S5
PH,LAZ,2025-11,2025-10,PH.LAZ.500184141299,,7722.060000000001,192.06,7530.000000000001,3920.65%,76.0,2.0,74.0,3700.0%,spike-out-trend,high,S5,S5
PH,LAZ,2025-11,2025-10,PH.LAZ.500184243156,,485.0,150.0,335.0,223.33%,3.0,1.0,2.0,200.0%,spike-out-trend,high,S5,S5
PH,LAZ,2025-11,2025-10,PH.LAZ.500184327499,,49240.0,9280.0,39960.0,430.6%,24.0,4.0,20.0,500.0%,spike-out-trend,high,S5,S5
PH,LAZ,2025-11,2025-10,PH.LAZ.500184813126,,927.0,258.0,669.0,259.3%,7.0,2.0,5.0,250.0%,spike-out-trend,high,S5,S5
PH,LAZ,2025-11,2025-10,PH.LAZ.500186229074,,6675.0,846.0,5829.0,689.01%,89.0,12.0,77.0,641.67%,source-switch,medium,S2,S5
PH,LAZ,2025-11,2025-10,PH.LAZ.500186502029,,54489.6,15400.0,39089.6,253.83%,473.0,154.0,319.0,207.14%,source-switch,medium,S3,S5
PH,LAZ,2025-11,2025-10,PH.LAZ.500187495023,,10752.0,2489.74,8262.26,331.85%,84.0,22.0,62.0,281.82%,source-switch,medium,S3,S5
PH,LAZ,2025-11,2025-10,PH.LAZ.500187903053,,2996.0,981.0,2015.0,205.4%,24.0,9.0,15.0,166.67%,source-switch,medium,S2,S5
PH,LAZ,2025-11,2025-10,PH.LAZ.500188659031,,1129208.7,104756.0,1024452.7,977.94%,7784.0,745.0,7039.0,944.83%,source-switch,medium,S6,S5
PH,LAZ,2025-11,2025-10,PH.LAZ.500189142173,,7374.3,613.04,6761.26,1102.91%,122.0,8.0,114.0,1425.0%,spike-out-trend,high,S5,S5
PH,LAZ,2025-11,2025-10,PH.LAZ.500189784121,,918.0,38.8,879.2,2265.98%,8.0,1.0,7.0,700.0%,base-effect,low,S5,S5
PH,LAZ,2025-11,2025-10,PH.LAZ.500190381035,,5580.0,811.89,4768.11,587.29%,20.0,3.0,17.0,566.67%,source-switch,medium,S2,S5
PH,LAZ,2025-11,2025-10,PH.LAZ.500193150654,,137256.0,17072.0,120184.0,703.98%,344.0,44.0,300.0,681.82%,source-switch,medium,S3,S5
PH,LAZ,2025-11,2025-10,PH.LAZ.500208546479,,83944.0,25483.0,58461.0,229.41%,56.0,17.0,39.0,229.41%,source-switch,medium,S3,S5
PH,LAZ,2025-11,2025-10,PH.LAZ.500215971460,,2090.0,517.0,1573.0,304.26%,5.0,1.0,4.0,400.0%,spike-out-trend,high,S5,S5
PH,LAZ,2025-11,2025-10,PH.LAZ.500218206518,,2955420.0,597073.0,2358347.0,394.98%,18754.0,6586.0,12168.0,184.76%,source-switch,medium,S3,S5
PH,LAZ,2025-11,2025-10,PH.LAZ.500222577783,,19465.0,2926.0,16539.0,565.24%,85.0,14.0,71.0,507.14%,source-switch,medium,S2,S5
PH,LAZ,2025-11,2025-10,PH.LAZ.500222637661,,2988.9,114.0,2874.9,2521.84%,57.0,2.0,55.0,2750.0%,spike-out-trend,high,S5,S5
PH,LAZ,2025-11,2025-10,PH.LAZ.500223204113,,5694.0,167.58,5526.42,3297.78%,30.0,1.0,29.0,2900.0%,spike-out-trend,high,S5,S5
PH,LAZ,2025-11,2025-10,PH.LAZ.500225847410,,11711.0,2629.0,9082.0,345.45%,49.0,11.0,38.0,345.45%,source-switch,medium,S3,S5
PH,LAZ,2025-11,2025-10,PH.LAZ.500230416636,,1078.0,49.0,1029.0,2100.0%,22.0,1.0,21.0,2100.0%,base-effect,low,S5,S5
PH,LAZ,2025-11,2025-10,PH.LAZ.500239647097,,83700.0,17431.0,66269.0,380.18%,300.0,61.0,239.0,391.8%,source-switch,medium,S3,S5
PH,LAZ,2025-11,2025-10,PH.LAZ.500240955861,,818.0,256.0,562.0,219.53%,2.0,2.0,0.0,0.0%,source-switch,medium,S2,S5
PH,LAZ,2025-11,2025-10,PH.LAZ.500243967936,,903432.0,231488.0,671944.0,290.27%,2815.0,754.0,2061.0,273.34%,source-switch,medium,S3,S5
PH,LAZ,2025-11,2025-10,PH.LAZ.500243982273,,173261.0,20691.0,152570.0,737.37%,829.0,99.0,730.0,737.37%,source-switch,medium,S3,S5
PH,LAZ,2025-11,2025-10,PH.LAZ.500246442358,,18620.0,4488.0,14132.0,314.88%,38.0,11.0,27.0,245.45%,source-switch,medium,S3,S5
PH,LAZ,2025-11,2025-10,PH.LAZ.500257314393,,1282.0,180.0,1102.0,612.22%,9.0,1.0,8.0,800.0%,spike-out-trend,high,S5,S5
PH,LAZ,2025-11,2025-10,PH.LAZ.500271282258,,10157.0,1927.88,8229.119999999999,426.85%,122.0,24.0,98.0,408.33%,source-switch,medium,S2,S5
PH,LAZ,2025-11,2025-10,PH.LAZ.500273946584,,827.0,38.0,789.0,2076.32%,10.0,2.0,8.0,400.0%,base-effect,low,S5,S5
PH,LAZ,2025-11,2025-10,PH.LAZ.500288976637,,53262.0,8610.69,44651.31,518.56%,198.0,33.0,165.0,500.0%,source-switch,medium,S3,S5
PH,LAZ,2025-11,2025-10,PH.LAZ.500302140188,,78881.0,17425.079999999998,61455.92,352.69%,119.0,36.0,83.0,230.56%,spike-out-trend,high,S5,S5
PH,LAZ,2025-11,2025-10,PH.LAZ.500321433115,,26997.0,4639.0,22358.0,481.96%,115.0,24.0,91.0,379.17%,source-switch,medium,S3,S5
PH,LAZ,2025-11,2025-10,PH.LAZ.500358352017,,12460.7,523.8,11936.900000000001,2278.9%,100.0,6.0,94.0,1566.67%,source-switch,medium,S3,S5
PH,LAZ,2025-11,2025-10,PH.LAZ.500360096109,,9195.0,2404.0,6791.0,282.49%,33.0,36.0,-3.0,-8.33%,source-switch,medium,S2,S5
PH,LAZ,2025-11,2025-10,PH.LAZ.500376752144,,8619.0,1859.0,6760.0,363.64%,51.0,11.0,40.0,363.64%,source-switch,medium,S3,S5
PH,LAZ,2025-11,2025-10,PH.LAZ.500376752817,,4794.0,60.14,4733.86,7871.4%,74.0,2.0,72.0,3600.0%,base-effect,low,S5,S5
PH,LAZ,2025-11,2025-10,PH.LAZ.500383840932,,2150.0,535.15,1614.85,301.76%,19.0,5.0,14.0,280.0%,source-switch,medium,S2,S5
PH,LAZ,2025-11,2025-10,PH.LAZ.500389120521,,6453.0,478.0,5975.0,1250.0%,27.0,2.0,25.0,1250.0%,source-switch,medium,S2,S5
PH,LAZ,2025-11,2025-10,PH.LAZ.500394848950,,7322.0,816.0,6506.0,797.3%,156.0,17.0,139.0,817.65%,source-switch,medium,S3,S5
PH,LAZ,2025-11,2025-10,PH.LAZ.500402000772,,50609.0,2519.0,48090.0,1909.09%,221.0,11.0,210.0,1909.09%,spike-out-trend,high,S5,S5
PH,LAZ,2025-11,2025-10,PH.LAZ.500419168036,,4563.0,356.0,4207.0,1181.74%,39.0,1.0,38.0,3800.0%,spike-out-trend,high,S5,S5
PH,LAZ,2025-11,2025-10,PH.LAZ.500421632686,,13956.0,954.0,13002.0,1362.89%,104.0,6.0,98.0,1633.33%,source-switch,medium,S3,S5
PH,LAZ,2025-11,2025-10,PH.LAZ.500426992102,,37122.0,2068.98,35053.02,1694.22%,138.0,6.0,132.0,2200.0%,source-switch,medium,S3,S5
PH,LAZ,2025-11,2025-10,PH.LAZ.500430128217,,10931.0,1749.0,9182.0,524.99%,79.0,11.0,68.0,618.18%,spike-out-trend,high,S5,S5
PH,LAZ,2025-11,2025-10,PH.LAZ.500436496918,,35953.9,9690.3,26263.600000000002,271.03%,340.0,74.0,266.0,359.46%,spike-out-trend,high,S5,S5
PH,LAZ,2025-11,2025-10,PH.LAZ.500438432682,,25182094.65,3932489.0,21249605.65,540.36%,71221.0,9805.0,61416.0,626.37%,source-switch,medium,S2,S5
PH,LAZ,2025-11,2025-10,PH.LAZ.500474944731,,45792.0,2175.5,43616.5,2004.9%,228.0,10.0,218.0,2180.0%,spike-out-trend,high,S5,S5
PH,LAZ,2025-11,2025-10,PH.LAZ.500518576798,,380.0,30.0,350.0,1166.67%,7.0,2.0,5.0,250.0%,base-effect,low,S5,S5
PH,LAZ,2025-11,2025-10,PH.LAZ.500522544151,,8545.0,1250.0,7295.0,583.6%,36.0,50.0,-14.0,-28.0%,source-switch,medium,S3,S5
PH,LAZ,2025-11,2025-10,PH.LAZ.500529696091,,1638.0,330.0,1308.0,396.36%,10.0,2.0,8.0,400.0%,source-switch,medium,S2,S5
PH,LAZ,2025-11,2025-10,PH.LAZ.500531328106,,2358.0,456.0,1902.0,417.11%,25.0,6.0,19.0,316.67%,source-switch,medium,S3,S5
PH,LAZ,2025-11,2025-10,PH.LAZ.500555632500,,29190.0,3892.0,25298.0,650.0%,210.0,28.0,182.0,650.0%,source-switch,medium,S3,S5
PH,LAZ,2025-11,2025-10,PH.LAZ.500555744805,,11120.0,118.0,11002.0,9323.73%,56.0,1.0,55.0,5500.0%,spike-out-trend,high,S5,S5
PH,LAZ,2025-11,2025-10,PH.LAZ.500563360113,,2652.0,727.0999999999999,1924.9,264.74%,13.0,11.0,2.0,18.18%,spike-out-trend,high,S5,S5
PH,LAZ,2025-11,2025-10,PH.LAZ.500599152539,,4817219.89,496484.67,4320735.22,870.27%,6818.0,346.0,6472.0,1870.52%,spike-out-trend,high,S5,S5
PH,LAZ,2025-11,2025-10,PH.LAZ.500603760043,,7605.660000000001,407.73,7197.93,1765.37%,100.0,3.0,97.0,3233.33%,spike-out-trend,high,S5,S5
PH,LAZ,2025-11,2025-10,PH.LAZ.500608320764,,140966.0,9543.0,131423.0,1377.17%,1024.0,65.0,959.0,1475.38%,spike-out-trend,high,S5,S5
PH,LAZ,2025-11,2025-10,PH.LAZ.500649024691,,10817.0,2380.0,8437.0,354.5%,63.0,17.0,46.0,270.59%,source-switch,medium,S3,S5
PH,LAZ,2025-11,2025-10,PH.LAZ.500657152750,,36235.0,4586.4,31648.6,690.05%,377.0,39.0,338.0,866.67%,source-switch,medium,S3,S5
PH,LAZ,2025-11,2025-10,PH.LAZ.500699024699,,20542.3,4186.5199999999995,16355.779999999999,390.68%,15.0,4.0,11.0,275.0%,source-switch,medium,S2,S5
PH,LAZ,2025-11,2025-10,PH.LAZ.500724144704,,4700.0,1128.0,3572.0,316.67%,25.0,6.0,19.0,316.67%,source-switch,medium,S3,S5
PH,LAZ,2025-11,2025-10,PH.LAZ.500744144621,,196.0,28.0,168.0,600.0%,2.0,1.0,1.0,100.0%,base-effect,low,S5,S5
PH,LAZ,2025-11,2025-10,PH.LAZ.500758576773,,1843.0,262.0,1581.0,603.44%,11.0,1.0,10.0,1000.0%,spike-out-trend,high,S5,S5
PH,LAZ,2025-11,2025-10,PH.LAZ.500794784085,,2202.0,466.0,1736.0,372.53%,13.0,5.0,8.0,160.0%,source-switch,medium,S2,S5
PH,LAZ,2025-11,2025-10,PH.LAZ.500852784754,,3306.0,320.1,2985.9,932.8%,19.0,11.0,8.0,72.73%,source-switch,medium,S3,S5
PH,LAZ,2025-11,2025-10,PH.LAZ.500861936382,,18394.0,3444.0,14950.0,434.09%,147.0,12.0,135.0,1125.0%,spike-out-trend,high,S5,S5
PH,LAZ,2025-11,2025-10,PH.LAZ.500865440694,,16895.83,5282.200000000001,11613.630000000001,219.86%,87.0,20.0,67.0,335.0%,spike-out-trend,high,S5,S5
PH,LAZ,2025-11,2025-10,PH.LAZ.500893120490,,107215.0,5320.8,101894.2,1915.02%,96.0,69.0,27.0,39.13%,spike-out-trend,high,S5,S5
PH,LAZ,2025-11,2025-10,PH.LAZ.500915552926,,18960.0,1738.0,17222.0,990.91%,120.0,11.0,109.0,990.91%,source-switch,medium,S3,S5
PH,LAZ,2025-11,2025-10,PH.LAZ.500976832405,,4478.0,507.0,3971.0,783.23%,32.0,3.0,29.0,966.67%,spike-out-trend,high,S5,S5
PH,LAZ,2025-11,2025-10,PH.LAZ.501062224950,,1843.0,260.0,1583.0,608.85%,27.0,4.0,23.0,575.0%,spike-out-trend,high,S5,S5
PH,LAZ,2025-11,2025-10,PH.LAZ.501097232450,,885.04,136.16,748.88,550.0%,13.0,2.0,11.0,550.0%,source-switch,medium,S2,S5
PH,LAZ,2025-11,2025-10,PH.LAZ.501122064901,,4400.4,1344.0,3056.3999999999996,227.41%,78.0,32.0,46.0,143.75%,spike-out-trend,high,S5,S5
PH,LAZ,2025-11,2025-10,PH.LAZ.501122224701,,7427.58,302.62,7124.96,2354.42%,21.0,2.0,19.0,950.0%,spike-out-trend,high,S5,S5
PH,LAZ,2025-11,2025-10,PH.LAZ.501196752708,,2933.75,493.73,2440.02,494.2%,21.0,1.0,20.0,2000.0%,spike-out-trend,high,S4,S4
PH,LAZ,2025-11,2025-10,PH.LAZ.501466512891,,11159.4,2804.0,8355.4,297.98%,30.0,10.0,20.0,200.0%,spike-out-trend,high,S5,S5
PH,LAZ,2025-11,2025-10,PH.LAZ.501560224806,,774.0,250.26,523.74,209.28%,6.0,2.0,4.0,200.0%,spike-out-trend,high,S5,S5
PH,LAZ,2025-11,2025-10,PH.LAZ.501656240429,,2319.7,489.04,1830.6599999999999,374.34%,10.0,2.0,8.0,400.0%,source-switch,medium,S2,S5
PH,LAZ,2025-11,2025-10,PH.LAZ.501703120111,,65348.12,11469.56,53878.560000000005,469.75%,27.0,10.0,17.0,170.0%,spike-out-trend,high,S5,S5
PH,LAZ,2025-11,2025-10,PH.LAZ.501716080700,,50370.27,13055.89,37314.38,285.8%,55.0,18.0,37.0,205.56%,spike-out-trend,high,S5,S5
PH,LAZ,2025-11,2025-10,PH.LAZ.501721104287,,2808.12,850.89,1957.23,230.02%,2.0,1.0,1.0,100.0%,spike-out-trend,high,S5,S5
PH,LAZ,2025-11,2025-10,PH.LAZ.501721184184,,79929.29,1206.34,78722.95,6525.77%,162.0,2.0,160.0,8000.0%,spike-out-trend,high,S5,S5
PH,LAZ,2025-11,2025-10,PH.LAZ.501722576195,,14271.49,3254.95,11016.54,338.45%,13.0,5.0,8.0,160.0%,spike-out-trend,high,S5,S5
PH,LAZ,2025-11,2025-10,PH.LAZ.501776768235,,22364.44,1088.07,21276.37,1955.42%,17.0,3.0,14.0,466.67%,spike-out-trend,high,S5,S5
PH,LAZ,2025-11,2025-10,PH.LAZ.7133,,47479.0,2808.0,44671.0,1590.85%,126.0,6.0,120.0,2000.0%,source-switch,medium,S3,S5
PH,LAZ,2025-11,2025-10,PH.LAZ.7829,,7738.29,774.06,6964.23,899.7%,28.0,2.0,26.0,1300.0%,spike-out-trend,high,S5,S5
PH,SHP,2025-11,2025-10,PH.SHP.1012745644,,28611.0,198.0,28413.0,14350.0%,289.0,2.0,287.0,14350.0%,spike-out-trend,high,S5,S5
PH,SHP,2025-11,2025-10,PH.SHP.1023387857,,7182.0,1056.0,6126.0,580.11%,57.0,8.0,49.0,612.5%,spike-out-trend,high,S5,S5
PH,SHP,2025-11,2025-10,PH.SHP.1035149859,,8376.0,516.0,7860.0,1523.26%,43.0,3.0,40.0,1333.33%,spike-out-trend,high,S5,S5
PH,SHP,2025-11,2025-10,PH.SHP.1050055321,,9248.0,1632.0,7616.0,466.67%,68.0,12.0,56.0,466.67%,spike-out-trend,high,S5,S5
PH,SHP,2025-11,2025-10,PH.SHP.1057539553,,5335215.0,5253.0,5329962.0,101465.11%,10749.0,51.0,10698.0,20976.47%,spike-out-trend,high,S5,S5
PH,SHP,2025-11,2025-10,PH.SHP.105887956,,58752.0,1996.0,56756.0,2843.49%,54.0,2.0,52.0,2600.0%,spike-out-trend,high,S5,S5
PH,SHP,2025-11,2025-10,PH.SHP.1069096781,,5780.0,1300.0,4480.0,344.62%,85.0,20.0,65.0,325.0%,spike-out-trend,high,S5,S5
PH,SHP,2025-11,2025-10,PH.SHP.1074462544,,9672.0,1050.0,8622.0,821.14%,156.0,7.0,149.0,2128.57%,spike-out-trend,high,S5,S5
PH,SHP,2025-11,2025-10,PH.SHP.10782362,,559000.0,26108.0,532892.0,2041.11%,1625.0,107.0,1518.0,1418.69%,source-switch,medium,S3,S5
PH,SHP,2025-11,2025-10,PH.SHP.1081060098,,3349.0,798.0,2551.0,319.67%,31.0,2.0,29.0,1450.0%,spike-out-trend,high,S5,S5
PH,SHP,2025-11,2025-10,PH.SHP.1096059581,,10461.0,2375.0,8086.0,340.46%,121.0,25.0,96.0,384.0%,spike-out-trend,high,S5,S5
PH,SHP,2025-11,2025-10,PH.SHP.1106283471,,5233.0,1239.0,3994.0,322.36%,42.0,9.0,33.0,366.67%,spike-out-trend,high,S5,S5
PH,SHP,2025-11,2025-10,PH.SHP.1112282680,,26940.0,2340.0,24600.0,1051.28%,184.0,13.0,171.0,1315.38%,spike-out-trend,high,S5,S5
PH,SHP,2025-11,2025-10,PH.SHP.1113693187,,3640.0,280.0,3360.0,1200.0%,10.0,2.0,8.0,400.0%,spike-out-trend,high,S5,S5
PH,SHP,2025-11,2025-10,PH.SHP.1139553106,,86621.0,7475.0,79146.0,1058.81%,282.0,25.0,257.0,1028.0%,spike-out-trend,high,S5,S5
PH,SHP,2025-11,2025-10,PH.SHP.1159531017,,3059.0,630.0,2429.0,385.56%,24.0,5.0,19.0,380.0%,spike-out-trend,high,S5,S5
PH,SHP,2025-11,2025-10,PH.SHP.116535824,,11565.0,1768.0,9797.0,554.13%,24.0,8.0,16.0,200.0%,spike-out-trend,high,S5,S5
PH,SHP,2025-11,2025-10,PH.SHP.116939378,,8827.0,729.0,8098.0,1110.84%,13.0,1.0,12.0,1200.0%,spike-out-trend,high,S5,S5
PH,SHP,2025-11,2025-10,PH.SHP.1171878193,,1393800.0,1192.0,1392608.0,116829.53%,10100.0,8.0,10092.0,126150.0%,spike-out-trend,high,S5,S5
PH,SHP,2025-11,2025-10,PH.SHP.1175543705,,790.0,19.0,771.0,4057.89%,10.0,1.0,9.0,900.0%,base-effect,low,S5,S5
PH,SHP,2025-11,2025-10,PH.SHP.1188414966,,12558.0,740.0,11818.0,1597.03%,91.0,5.0,86.0,1720.0%,spike-out-trend,high,S5,S5
PH,SHP,2025-11,2025-10,PH.SHP.1191370951,,1033.0,214.0,819.0,382.71%,2.0,1.0,1.0,100.0%,spike-out-trend,high,S5,S5
PH,SHP,2025-11,2025-10,PH.SHP.1195230934,,4579067.0,62964.0,4516103.0,7172.52%,52987.0,594.0,52393.0,8820.37%,spike-out-trend,high,S5,S5
PH,SHP,2025-11,2025-10,PH.SHP.1197524900,,7485.0,2295.0,5190.0,226.14%,15.0,5.0,10.0,200.0%,spike-out-trend,high,S5,S5
PH,SHP,2025-11,2025-10,PH.SHP.1214826674,,2356.0,99.0,2257.0,2279.8%,5.0,1.0,4.0,400.0%,base-effect,low,S5,S4
PH,SHP,2025-11,2025-10,PH.SHP.1224189491,,3476.0,395.0,3081.0,780.0%,44.0,5.0,39.0,780.0%,spike-out-trend,high,S5,S5
PH,SHP,2025-11,2025-10,PH.SHP.1241087836,,4536.0,630.0,3906.0,620.0%,36.0,5.0,31.0,620.0%,spike-out-trend,high,S5,S5
PH,SHP,2025-11,2025-10,PH.SHP.1244791873,,451964.0,16247.0,435717.0,2681.83%,278.0,211.0,67.0,31.75%,spike-out-trend,high,S5,S5
PH,SHP,2025-11,2025-10,PH.SHP.1245401746,,15512.0,2548.0,12964.0,508.79%,90.0,26.0,64.0,246.15%,spike-out-trend,high,S5,S5
PH,SHP,2025-11,2025-10,PH.SHP.1256129911,,63282.0,2023.0,61259.0,3028.13%,398.0,17.0,381.0,2241.18%,spike-out-trend,high,S5,S5
PH,SHP,2025-11,2025-10,PH.SHP.1261712819,,8200.0,2250.0,5950.0,264.44%,9.0,5.0,4.0,80.0%,spike-out-trend,high,S5,S5
PH,SHP,2025-11,2025-10,PH.SHP.126914829,,72565.0,300.0,72265.0,24088.33%,297.0,4.0,293.0,7325.0%,spike-out-trend,high,S5,S5
PH,SHP,2025-11,2025-10,PH.SHP.1271817652,,20852.0,5328.0,15524.0,291.37%,35.0,26.0,9.0,34.62%,spike-out-trend,high,S5,S5
PH,SHP,2025-11,2025-10,PH.SHP.1284416290,,15080.0,441.0,14639.0,3319.5%,106.0,3.0,103.0,3433.33%,spike-out-trend,high,S5,S5
PH,SHP,2025-11,2025-10,PH.SHP.1285337285,,7916.0,2178.0,5738.0,263.45%,12.0,2.0,10.0,500.0%,spike-out-trend,high,S5,S5
PH,SHP,2025-11,2025-10,PH.SHP.129187738,,1354306.0,108634.0,1245672.0,1146.67%,17929.0,1399.0,16530.0,1181.56%,spike-out-trend,high,S5,S5
PH,SHP,2025-11,2025-10,PH.SHP.1295062901,,35420.0,3220.0,32200.0,1000.0%,22.0,2.0,20.0,1000.0%,source-switch,medium,S4,S5
PH,SHP,2025-11,2025-10,PH.SHP.1302048862,,3182.0,229.0,2953.0,1289.52%,9.0,1.0,8.0,800.0%,spike-out-trend,high,S5,S5
PH,SHP,2025-11,2025-10,PH.SHP.1303943303,,63789.0,698.0,63091.0,9038.83%,2407.0,5.0,2402.0,48040.0%,spike-out-trend,high,S5,S5
PH,SHP,2025-11,2025-10,PH.SHP.1330859090,,4720.0,1270.0,3450.0,271.65%,8.0,2.0,6.0,300.0%,spike-out-trend,high,S5,S5
PH,SHP,2025-11,2025-10,PH.SHP.1337540846,,17682.0,5867.0,11815.0,201.38%,220.0,84.0,136.0,161.9%,spike-out-trend,high,S5,S5
PH,SHP,2025-11,2025-10,PH.SHP.1356486206,,3506.0,376.0,3130.0,832.45%,11.0,1.0,10.0,1000.0%,spike-out-trend,high,S5,S5
PH,SHP,2025-11,2025-10,PH.SHP.13634024,,4675.0,185.0,4490.0,2427.03%,17.0,1.0,16.0,1600.0%,spike-out-trend,high,S5,S5
PH,SHP,2025-11,2025-10,PH.SHP.1377686634,,112498.0,22503.0,89995.0,399.92%,1075.0,245.0,830.0,338.78%,source-switch,medium,S3,S5
PH,SHP,2025-11,2025-10,PH.SHP.1388065926,,4033.0,932.0,3101.0,332.73%,52.0,8.0,44.0,550.0%,spike-out-trend,high,S5,S5
PH,SHP,2025-11,2025-10,PH.SHP.1398836323,,41128.0,7142.0,33986.0,475.86%,233.0,63.0,170.0,269.84%,spike-out-trend,high,S5,S5
PH,SHP,2025-11,2025-10,PH.SHP.1417724357,,1380.0,400.0,980.0,245.0%,5.0,2.0,3.0,150.0%,spike-out-trend,high,S5,S5
PH,SHP,2025-11,2025-10,PH.SHP.1453642540,,42674.0,8050.0,34624.0,430.11%,229.0,50.0,179.0,358.0%,source-switch,medium,S4,S5
PH,SHP,2025-11,2025-10,PH.SHP.14672811,,23364.0,188.0,23176.0,12327.66%,118.0,1.0,117.0,11700.0%,source-switch,medium,S4,S5
PH,SHP,2025-11,2025-10,PH.SHP.1471230969,,1120.0,125.0,995.0,796.0%,14.0,5.0,9.0,180.0%,spike-out-trend,high,S5,S5
PH,SHP,2025-11,2025-10,PH.SHP.1477123557,,18124.0,785.0,17339.0,2208.79%,203.0,8.0,195.0,2437.5%,spike-out-trend,high,S5,S5
PH,SHP,2025-11,2025-10,PH.SHP.1488057000,,149639.0,16290.0,133349.0,818.59%,899.0,170.0,729.0,428.82%,spike-out-trend,high,S5,S5
PH,SHP,2025-11,2025-10,PH.SHP.1491216211,,16021.0,336.0,15685.0,4668.15%,143.0,12.0,131.0,1091.67%,spike-out-trend,high,S5,S5
PH,SHP,2025-11,2025-10,PH.SHP.1493928619,,308.0,44.0,264.0,600.0%,7.0,1.0,6.0,600.0%,base-effect,low,S5,S5
PH,SHP,2025-11,2025-10,PH.SHP.1504705808,,3727.0,1194.0,2533.0,212.14%,13.0,6.0,7.0,116.67%,spike-out-trend,high,S5,S5
PH,SHP,2025-11,2025-10,PH.SHP.151324489,,30771.0,7448.0,23323.0,313.14%,651.0,152.0,499.0,328.29%,spike-out-trend,high,S5,S5
PH,SHP,2025-11,2025-10,PH.SHP.1514348838,,4991.0,700.0,4291.0,613.0%,89.0,4.0,85.0,2125.0%,spike-out-trend,high,S5,S5
PH,SHP,2025-11,2025-10,PH.SHP.1518992623,,25519.0,147.0,25372.0,17259.86%,151.0,3.0,148.0,4933.33%,spike-out-trend,high,S5,S5
PH,SHP,2025-11,2025-10,PH.SHP.1538028753,,8930.0,1000.0,7930.0,793.0%,101.0,8.0,93.0,1162.5%,spike-out-trend,high,S5,S5
PH,SHP,2025-11,2025-10,PH.SHP.1545423316,,689.0,53.0,636.0,1200.0%,13.0,1.0,12.0,1200.0%,base-effect,low,S5,S5
PH,SHP,2025-11,2025-10,PH.SHP.154901003,,328.0,88.0,240.0,272.73%,4.0,4.0,0.0,0.0%,base-effect,low,S5,S5
PH,SHP,2025-11,2025-10,PH.SHP.1550402929,,9573.0,2299.0,7274.0,316.4%,121.0,30.0,91.0,303.33%,spike-out-trend,high,S5,S5
PH,SHP,2025-11,2025-10,PH.SHP.155242398,,114156.0,2030.0,112126.0,5523.45%,1057.0,7.0,1050.0,15000.0%,spike-out-trend,high,S5,S5
PH,SHP,2025-11,2025-10,PH.SHP.1603118205,,1113.0,258.0,855.0,331.4%,7.0,2.0,5.0,250.0%,spike-out-trend,high,S5,S5
PH,SHP,2025-11,2025-10,PH.SHP.1619980625,,5511.0,725.0,4786.0,660.14%,11.0,1.0,10.0,1000.0%,spike-out-trend,high,S5,S5
PH,SHP,2025-11,2025-10,PH.SHP.1634825070,,295651.0,38794.0,256857.0,662.1%,108.0,39.0,69.0,176.92%,spike-out-trend,high,S5,S5
PH,SHP,2025-11,2025-10,PH.SHP.1636611096,,264.0,81.0,183.0,225.93%,6.0,1.0,5.0,500.0%,base-effect,low,S5,S5
PH,SHP,2025-11,2025-10,PH.SHP.1648460240,,207474.0,13791.0,193683.0,1404.42%,80.0,12.0,68.0,566.67%,spike-out-trend,high,S5,S5
PH,SHP,2025-11,2025-10,PH.SHP.16511247,,147030.0,3600.0,143430.0,3984.17%,754.0,45.0,709.0,1575.56%,spike-out-trend,high,S5,S5
PH,SHP,2025-11,2025-10,PH.SHP.16621971,,38293.0,1347.0,36946.0,2742.84%,257.0,3.0,254.0,8466.67%,spike-out-trend,high,S5,S5
PH,SHP,2025-11,2025-10,PH.SHP.1664275568,,7854.0,2520.0,5334.0,211.67%,42.0,15.0,27.0,180.0%,spike-out-trend,high,S5,S5
PH,SHP,2025-11,2025-10,PH.SHP.170085610,,198832.0,48109.0,150723.0,313.29%,1841.0,670.0,1171.0,174.78%,source-switch,medium,S4,S5
PH,SHP,2025-11,2025-10,PH.SHP.17017304,,28906.0,1604.0,27302.0,1702.12%,209.0,6.0,203.0,3383.33%,spike-out-trend,high,S5,S5
PH,SHP,2025-11,2025-10,PH.SHP.173969742,,11280.0,1107.0,10173.0,918.97%,44.0,9.0,35.0,388.89%,spike-out-trend,high,S5,S5
PH,SHP,2025-11,2025-10,PH.SHP.181308880,,13235.0,1995.0,11240.0,563.41%,8.0,5.0,3.0,60.0%,spike-out-trend,high,S5,S5
PH,SHP,2025-11,2025-10,PH.SHP.191063030,,4158.0,174.0,3984.0,2289.66%,42.0,6.0,36.0,600.0%,spike-out-trend,high,S5,S5
PH,SHP,2025-11,2025-10,PH.SHP.196214868,,475242.0,21021.0,454221.0,2160.8%,3603.0,231.0,3372.0,1459.74%,spike-out-trend,high,S5,S5
PH,SHP,2025-11,2025-10,PH.SHP.201777295,,33380.0,7980.0,25400.0,318.3%,20.0,28.0,-8.0,-28.57%,spike-out-trend,high,S5,S5
PH,SHP,2025-11,2025-10,PH.SHP.220527916,,534090.0,8674.0,525416.0,6057.37%,1516.0,52.0,1464.0,2815.38%,source-switch,medium,S3,S5
PH,SHP,2025-11,2025-10,PH.SHP.231006019,,6248.0,352.0,5896.0,1675.0%,44.0,4.0,40.0,1000.0%,spike-out-trend,high,S5,S5
PH,SHP,2025-11,2025-10,PH.SHP.23790201,,142690.0,8756.0,133934.0,1529.63%,330.0,3.0,327.0,10900.0%,spike-out-trend,high,S5,S5
PH,SHP,2025-11,2025-10,PH.SHP.240739113,,37205527.0,1828073.0,35377454.0,1935.23%,161335.0,8838.0,152497.0,1725.47%,source-switch,medium,S3,S5
PH,SHP,2025-11,2025-10,PH.SHP.26346925,,1836127.0,155715.0,1680412.0,1079.16%,17015.0,31143.0,-14128.0,-45.36%,spike-out-trend,high,S5,S5
PH,SHP,2025-11,2025-10,PH.SHP.270751078,,2759162.0,185472.0,2573690.0,1387.64%,2850.0,84.0,2766.0,3292.86%,spike-out-trend,high,S5,S5
PH,SHP,2025-11,2025-10,PH.SHP.27171948,,95835.0,2651.0,93184.0,3515.05%,1071.0,41.0,1030.0,2512.2%,source-switch,medium,S4,S5
PH,SHP,2025-11,2025-10,PH.SHP.281258347,,8150.0,1351.0,6799.0,503.26%,30.0,5.0,25.0,500.0%,spike-out-trend,high,S5,S5
PH,SHP,2025-11,2025-10,PH.SHP.290729505,,1536013.0,8778.0,1527235.0,17398.44%,12799.0,42.0,12757.0,30373.81%,spike-out-trend,high,S5,S5
PH,SHP,2025-11,2025-10,PH.SHP.29151333,,7678.0,745.0,6933.0,930.6%,22.0,5.0,17.0,340.0%,spike-out-trend,high,S5,S5
PH,SHP,2025-11,2025-10,PH.SHP.291701020,,1112.0,17.0,1095.0,6441.18%,8.0,1.0,7.0,700.0%,base-effect,low,S5,S5
PH,SHP,2025-11,2025-10,PH.SHP.294095309,,21410.0,6270.0,15140.0,241.47%,260.0,66.0,194.0,293.94%,spike-out-trend,high,S5,S5
PH,SHP,2025-11,2025-10,PH.SHP.298202541,,2250.0,450.0,1800.0,400.0%,9.0,1.0,8.0,800.0%,spike-out-trend,high,S5,S5
PH,SHP,2025-11,2025-10,PH.SHP.307943646,,385580.0,53595.0,331985.0,619.43%,701.0,117.0,584.0,499.15%,spike-out-trend,high,S5,S5
PH,SHP,2025-11,2025-10,PH.SHP.31233419,,71820.0,7104.0,64716.0,910.98%,7182.0,592.0,6590.0,1113.18%,source-switch,medium,S3,S5
PH,SHP,2025-11,2025-10,PH.SHP.31237029,,39746.0,5120.0,34626.0,676.29%,334.0,59.0,275.0,466.1%,spike-out-trend,high,S5,S5
PH,SHP,2025-11,2025-10,PH.SHP.313406373,,1032689.0,41244.0,991445.0,2403.85%,1671.0,131.0,1540.0,1175.57%,spike-out-trend,high,S5,S5
PH,SHP,2025-11,2025-10,PH.SHP.323461142,,5520.0,560.0,4960.0,885.71%,25.0,4.0,21.0,525.0%,spike-out-trend,high,S5,S5
PH,SHP,2025-11,2025-10,PH.SHP.326667940,,51733.0,10890.0,40843.0,375.05%,173.0,35.0,138.0,394.29%,spike-out-trend,high,S5,S5
PH,SHP,2025-11,2025-10,PH.SHP.327924741,,5500.0,1250.0,4250.0,340.0%,82.0,25.0,57.0,228.0%,spike-out-trend,high,S5,S5
PH,SHP,2025-11,2025-10,PH.SHP.34243482,,49518.0,8900.0,40618.0,456.38%,285.0,21.0,264.0,1257.14%,spike-out-trend,high,S5,S5
PH,SHP,2025-11,2025-10,PH.SHP.344754647,,28354.0,4441.0,23913.0,538.46%,274.0,81.0,193.0,238.27%,spike-out-trend,high,S5,S5
PH,SHP,2025-11,2025-10,PH.SHP.34584777,,1365.0,120.0,1245.0,1037.5%,61.0,1.0,60.0,6000.0%,spike-out-trend,high,S5,S5
PH,SHP,2025-11,2025-10,PH.SHP.348868810,,6370.0,751.0,5619.0,748.2%,14.0,1.0,13.0,1300.0%,spike-out-trend,high,S5,S5
PH,SHP,2025-11,2025-10,PH.SHP.350680565,,59584.0,4180.0,55404.0,1325.45%,98.0,10.0,88.0,880.0%,spike-out-trend,high,S5,S5
PH,SHP,2025-11,2025-10,PH.SHP.35586009,,8577.0,246.0,8331.0,3386.59%,21.0,6.0,15.0,250.0%,spike-out-trend,high,S5,S5
PH,SHP,2025-11,2025-10,PH.SHP.357693850,,2844594.0,87416.0,2757178.0,3154.09%,5134.0,196.0,4938.0,2519.39%,spike-out-trend,high,S5,S5
PH,SHP,2025-11,2025-10,PH.SHP.357752896,,26669.0,71.0,26598.0,37461.97%,267.0,1.0,266.0,26600.0%,base-effect,low,S2,S5
PH,SHP,2025-11,2025-10,PH.SHP.366691,,3430.0,256.0,3174.0,1239.84%,35.0,2.0,33.0,1650.0%,spike-out-trend,high,S5,S5
PH,SHP,2025-11,2025-10,PH.SHP.372091105,,124880.0,11910.0,112970.0,948.53%,40.0,2.0,38.0,1900.0%,spike-out-trend,high,S5,S5
PH,SHP,2025-11,2025-10,PH.SHP.373341038,,20634.0,2813.0,17821.0,633.52%,634.0,97.0,537.0,553.61%,source-switch,medium,S3,S5
PH,SHP,2025-11,2025-10,PH.SHP.376882670,,1620.0,72.0,1548.0,2150.0%,6.0,6.0,0.0,0.0%,base-effect,low,S5,S5
PH,SHP,2025-11,2025-10,PH.SHP.378727253,,160241.0,284.0,159957.0,56322.89%,1443.0,1.0,1442.0,144200.0%,spike-out-trend,high,S5,S5
PH,SHP,2025-11,2025-10,PH.SHP.386000571,,165712.0,52500.0,113212.0,215.64%,233.0,42.0,191.0,454.76%,spike-out-trend,high,S5,S5
PH,SHP,2025-11,2025-10,PH.SHP.4032248,,3618.0,98.0,3520.0,3591.84%,27.0,2.0,25.0,1250.0%,base-effect,low,S5,S5
PH,SHP,2025-11,2025-10,PH.SHP.405958286,,432278.0,13496.0,418782.0,3103.01%,1245.0,49.0,1196.0,2440.82%,spike-out-trend,high,S5,S5
PH,SHP,2025-11,2025-10,PH.SHP.41463246,,89286.0,3657.0,85629.0,2341.51%,618.0,23.0,595.0,2586.96%,spike-out-trend,high,S5,S5
PH,SHP,2025-11,2025-10,PH.SHP.426087132,,236300.0,8640.0,227660.0,2634.95%,531.0,12.0,519.0,4325.0%,spike-out-trend,high,S5,S5
PH,SHP,2025-11,2025-10,PH.SHP.430466944,,176356.0,2995.0,173361.0,5788.35%,206.0,5.0,201.0,4020.0%,spike-out-trend,high,S5,S5
PH,SHP,2025-11,2025-10,PH.SHP.43396064,,116953.0,17864.0,99089.0,554.69%,799.0,158.0,641.0,405.7%,spike-out-trend,high,S5,S5
PH,SHP,2025-11,2025-10,PH.SHP.446720105,,24163.0,5388.0,18775.0,348.46%,47.0,12.0,35.0,291.67%,spike-out-trend,high,S5,S5
PH,SHP,2025-11,2025-10,PH.SHP.455263904,,1289631.0,46748.0,1242883.0,2658.69%,13135.0,758.0,12377.0,1632.85%,spike-out-trend,high,S5,S5
PH,SHP,2025-11,2025-10,PH.SHP.465030182,,2953.0,702.0,2251.0,320.66%,24.0,5.0,19.0,380.0%,spike-out-trend,high,S5,S5
PH,SHP,2025-11,2025-10,PH.SHP.472482774,,11908.0,3566.0,8342.0,233.93%,13.0,2.0,11.0,550.0%,spike-out-trend,high,S5,S5
PH,SHP,2025-11,2025-10,PH.SHP.473202897,,22373.0,2342.0,20031.0,855.29%,11.0,1.0,10.0,1000.0%,spike-out-trend,high,S5,S5
PH,SHP,2025-11,2025-10,PH.SHP.478357383,,57724.0,13352.0,44372.0,332.32%,1605.0,458.0,1147.0,250.44%,source-switch,medium,S3,S5
PH,SHP,2025-11,2025-10,PH.SHP.479792156,,19656.0,560.0,19096.0,3410.0%,72.0,2.0,70.0,3500.0%,source-switch,medium,S2,S5
PH,SHP,2025-11,2025-10,PH.SHP.481889667,,68542.0,13965.0,54577.0,390.81%,796.0,285.0,511.0,179.3%,spike-out-trend,high,S5,S5
PH,SHP,2025-11,2025-10,PH.SHP.489135017,,1663.0,491.0,1172.0,238.7%,4.0,1.0,3.0,300.0%,spike-out-trend,high,S4,S4
PH,SHP,2025-11,2025-10,PH.SHP.492321987,,245.0,45.0,200.0,444.44%,7.0,1.0,6.0,600.0%,base-effect,low,S5,S5
PH,SHP,2025-11,2025-10,PH.SHP.50341569,,522156.0,16526.0,505630.0,3059.6%,5320.0,176.0,5144.0,2922.73%,spike-out-trend,high,S5,S5
PH,SHP,2025-11,2025-10,PH.SHP.503782175,,42951.0,417.0,42534.0,10200.0%,309.0,3.0,306.0,10200.0%,spike-out-trend,high,S5,S5
PH,SHP,2025-11,2025-10,PH.SHP.51144568,,147415.0,39360.0,108055.0,274.53%,239.0,48.0,191.0,397.92%,spike-out-trend,high,S5,S5
PH,SHP,2025-11,2025-10,PH.SHP.51909388,,90770.0,1925.0,88845.0,4615.32%,626.0,55.0,571.0,1038.18%,spike-out-trend,high,S5,S5
PH,SHP,2025-11,2025-10,PH.SHP.52178014,,5021379.0,471884.0,4549495.0,964.11%,39117.0,6087.0,33030.0,542.63%,source-switch,medium,S3,S5
PH,SHP,2025-11,2025-10,PH.SHP.526017288,,262220.0,16643.0,245577.0,1475.56%,2105.0,123.0,1982.0,1611.38%,source-switch,medium,S3,S5
PH,SHP,2025-11,2025-10,PH.SHP.530070231,,4712.0,608.0,4104.0,675.0%,31.0,4.0,27.0,675.0%,spike-out-trend,high,S5,S5
PH,SHP,2025-11,2025-10,PH.SHP.536280708,,11385.0,952.0,10433.0,1095.9%,33.0,4.0,29.0,725.0%,spike-out-trend,high,S5,S5
PH,SHP,2025-11,2025-10,PH.SHP.54289988,,480086.0,17153.0,462933.0,2698.85%,14619.0,63.0,14556.0,23104.76%,source-switch,medium,S3,S5
PH,SHP,2025-11,2025-10,PH.SHP.567691525,,389795.0,112608.0,277187.0,246.15%,1603.0,575.0,1028.0,178.78%,source-switch,medium,S5,S4
PH,SHP,2025-11,2025-10,PH.SHP.595750967,,395281.0,31929.0,363352.0,1138.0%,2815.0,367.0,2448.0,667.03%,spike-out-trend,high,S5,S5
PH,SHP,2025-11,2025-10,PH.SHP.599180191,,38984.0,558.0,38426.0,6886.38%,357.0,2.0,355.0,17750.0%,spike-out-trend,high,S5,S5
PH,SHP,2025-11,2025-10,PH.SHP.601817650,,853675.0,117034.0,736641.0,629.42%,2290.0,76.0,2214.0,2913.16%,spike-out-trend,high,S5,S5
PH,SHP,2025-11,2025-10,PH.SHP.609142923,,364133.0,6360.0,357773.0,5625.36%,235.0,5.0,230.0,4600.0%,spike-out-trend,high,S5,S5
PH,SHP,2025-11,2025-10,PH.SHP.636906976,,2067.0,350.0,1717.0,490.57%,61.0,10.0,51.0,510.0%,spike-out-trend,high,S5,S5
PH,SHP,2025-11,2025-10,PH.SHP.636957689,,540.0,64.0,476.0,743.75%,54.0,8.0,46.0,575.0%,base-effect,low,S5,S5
PH,SHP,2025-11,2025-10,PH.SHP.638600715,,247988.0,5764.0,242224.0,4202.36%,2667.0,59.0,2608.0,4420.34%,spike-out-trend,high,S5,S5
PH,SHP,2025-11,2025-10,PH.SHP.64814729,,47171.0,1077.0,46094.0,4279.85%,305.0,22.0,283.0,1286.36%,spike-out-trend,high,S5,S5
PH,SHP,2025-11,2025-10,PH.SHP.659379870,,60526.0,2107.0,58419.0,2772.62%,1574.0,49.0,1525.0,3112.24%,source-switch,medium,S3,S5
PH,SHP,2025-11,2025-10,PH.SHP.670298881,,363339.0,4750.0,358589.0,7549.24%,2262.0,19.0,2243.0,11805.26%,source-switch,medium,S3,S5
PH,SHP,2025-11,2025-10,PH.SHP.67982090,,148590.0,520.0,148070.0,28475.0%,475.0,1.0,474.0,47400.0%,spike-out-trend,high,S5,S5
PH,SHP,2025-11,2025-10,PH.SHP.695507725,,38116.0,823.0,37293.0,4531.35%,349.0,17.0,332.0,1952.94%,spike-out-trend,high,S5,S5
PH,SHP,2025-11,2025-10,PH.SHP.696865898,,19294.0,370.0,18924.0,5114.59%,295.0,5.0,290.0,5800.0%,spike-out-trend,high,S5,S5
PH,SHP,2025-11,2025-10,PH.SHP.69914365,,13430.0,316.0,13114.0,4150.0%,170.0,4.0,166.0,4150.0%,spike-out-trend,high,S5,S5
PH,SHP,2025-11,2025-10,PH.SHP.711617942,,358002.0,23097.0,334905.0,1449.99%,3146.0,155.0,2991.0,1929.68%,source-switch,medium,S3,S5
PH,SHP,2025-11,2025-10,PH.SHP.712285259,,125205.0,7446.0,117759.0,1581.51%,288.0,51.0,237.0,464.71%,spike-out-trend,high,S5,S5
PH,SHP,2025-11,2025-10,PH.SHP.737526405,,17420.0,86.0,17334.0,20155.81%,268.0,1.0,267.0,26700.0%,base-effect,low,S5,S5
PH,SHP,2025-11,2025-10,PH.SHP.74598016,,488329.0,18697.0,469632.0,2511.8%,3264.0,1008.0,2256.0,223.81%,spike-out-trend,high,S5,S5
PH,SHP,2025-11,2025-10,PH.SHP.74645600,,7959.0,2292.0,5667.0,247.25%,21.0,6.0,15.0,250.0%,spike-out-trend,high,S5,S5
PH,SHP,2025-11,2025-10,PH.SHP.752752609,,1248.0,295.0,953.0,323.05%,13.0,5.0,8.0,160.0%,spike-out-trend,high,S5,S5
PH,SHP,2025-11,2025-10,PH.SHP.763467416,,4665370.0,952649.0,3712721.0,389.73%,3208.0,522.0,2686.0,514.56%,source-switch,medium,S3,S5
PH,SHP,2025-11,2025-10,PH.SHP.768828559,,3915.0,330.0,3585.0,1086.36%,30.0,3.0,27.0,900.0%,spike-out-trend,high,S5,S5
PH,SHP,2025-11,2025-10,PH.SHP.77472471,,478202.0,13857.0,464345.0,3350.98%,1862.0,93.0,1769.0,1902.15%,spike-out-trend,high,S5,S5
PH,SHP,2025-11,2025-10,PH.SHP.796136847,,19404.0,5880.0,13524.0,230.0%,98.0,20.0,78.0,390.0%,spike-out-trend,high,S5,S5
PH,SHP,2025-11,2025-10,PH.SHP.802243565,,274217.0,1392.0,272825.0,19599.5%,3647.0,58.0,3589.0,6187.93%,source-switch,medium,S3,S5
PH,SHP,2025-11,2025-10,PH.SHP.80439668,,36852.0,172.0,36680.0,21325.58%,96.0,2.0,94.0,4700.0%,spike-out-trend,high,S5,S5
PH,SHP,2025-11,2025-10,PH.SHP.804753880,,21679595.0,177302.0,21502293.0,12127.5%,27335.0,391.0,26944.0,6891.05%,source-switch,medium,S5,S6
PH,SHP,2025-11,2025-10,PH.SHP.815387876,,205885.0,708.0,205177.0,28979.8%,3915.0,12.0,3903.0,32525.0%,spike-out-trend,high,S5,S5
PH,SHP,2025-11,2025-10,PH.SHP.826031452,,50374.0,128.0,50246.0,39254.69%,528.0,1.0,527.0,52700.0%,spike-out-trend,high,S5,S5
PH,SHP,2025-11,2025-10,PH.SHP.828375334,,108418.0,19500.0,88918.0,455.99%,302.0,26.0,276.0,1061.54%,spike-out-trend,high,S5,S5
PH,SHP,2025-11,2025-10,PH.SHP.853669658,,18723.0,2196.0,16527.0,752.6%,183.0,23.0,160.0,695.65%,spike-out-trend,high,S5,S5
PH,SHP,2025-11,2025-10,PH.SHP.866898712,,33300.0,486.0,32814.0,6751.85%,74.0,1.0,73.0,7300.0%,spike-out-trend,high,S5,S5
PH,SHP,2025-11,2025-10,PH.SHP.870838672,,19896.0,1440.0,18456.0,1281.67%,500.0,33.0,467.0,1415.15%,spike-out-trend,high,S5,S5
PH,SHP,2025-11,2025-10,PH.SHP.879754718,,159268.0,29812.0,129456.0,434.24%,1812.0,1028.0,784.0,76.26%,spike-out-trend,high,S5,S5
PH,SHP,2025-11,2025-10,PH.SHP.881852515,,16416.0,546.0,15870.0,2906.59%,152.0,7.0,145.0,2071.43%,spike-out-trend,high,S5,S5
PH,SHP,2025-11,2025-10,PH.SHP.890249387,,3178.0,687.0,2491.0,362.59%,7.0,3.0,4.0,133.33%,spike-out-trend,high,S5,S5
PH,SHP,2025-11,2025-10,PH.SHP.897783431,,1974.0,49.0,1925.0,3928.57%,47.0,1.0,46.0,4600.0%,base-effect,low,S5,S5
PH,SHP,2025-11,2025-10,PH.SHP.902536161,,44064.0,13028.0,31036.0,238.23%,68.0,4.0,64.0,1600.0%,spike-out-trend,high,S5,S5
PH,SHP,2025-11,2025-10,PH.SHP.910545616,,13886.0,2862.0,11024.0,385.19%,131.0,27.0,104.0,385.19%,spike-out-trend,high,S5,S5
PH,SHP,2025-11,2025-10,PH.SHP.92793143,,110973.0,14916.0,96057.0,643.99%,563.0,44.0,519.0,1179.55%,spike-out-trend,high,S5,S5
PH,SHP,2025-11,2025-10,PH.SHP.94320906,,107456.0,14442.0,93014.0,644.05%,1994.0,89.0,1905.0,2140.45%,spike-out-trend,high,S5,S5
PH,SHP,2025-11,2025-10,PH.SHP.9468200,,1140726.0,122025.0,1018701.0,834.83%,16172.0,1627.0,14545.0,893.98%,source-switch,medium,S3,S5
PH,SHP,2025-11,2025-10,PH.SHP.961251546,,432562.0,7424.0,425138.0,5726.54%,2284.0,106.0,2178.0,2054.72%,spike-out-trend,high,S5,S5
PH,SHP,2025-11,2025-10,PH.SHP.97297528,,39286.0,624.0,38662.0,6195.83%,1511.0,12.0,1499.0,12491.67%,spike-out-trend,high,S5,S5
PH,SHP,2025-11,2025-10,PH.SHP.983980510,,1634.0,269.0,1365.0,507.43%,6.0,1.0,5.0,500.0%,spike-out-trend,high,S5,S5
PH,SHP,2025-11,2025-10,PH.SHP.984108276,,792.0,198.0,594.0,300.0%,8.0,2.0,6.0,300.0%,spike-out-trend,high,S5,S5
PH,SHP,2025-11,2025-10,PH.SHP.984174174,,3490.0,297.0,3193.0,1075.08%,10.0,3.0,7.0,233.33%,spike-out-trend,high,S5,S5
PH,SHP,2025-11,2025-10,PH.SHP.992732533,,37800.0,7560.0,30240.0,400.0%,150.0,27.0,123.0,455.56%,spike-out-trend,high,S5,S5
PH,SHP,2025-11,2025-10,PH.SHP.996313840,,7224.0,11.0,7213.0,65572.73%,14.0,1.0,13.0,1300.0%,base-effect,low,S5,S5
PH,SHP,2025-11,2025-10,PH.SHP.999544166,,13995.0,2700.0,11295.0,418.33%,7.0,1.0,6.0,600.0%,spike-out-trend,high,S5,S5
